101233,Tomato Mozzarella Couscous Salad ,"Keep some couscous in your cupboard as a stand-by, it's ready in minutes",Tony Tobin,Easy,0,900,4,95,1120172400
5257356,Baked Nectarines Raspberries With Almonds Honey ,"One of the simplest ways to showcase summer fruit, this dessert is finished with a crunchy amaretti biscuit and flaked almond topping",Jane Hornby,Easy,1800,900,4,96,1438383600
102539,Chocolate Caramel Ombre Cake ,For the ultimate indulgence look no further than Sarah Cook's four-layered chocolate-caramel extravaganza,Sarah Cook,More effort,3300,3600,0,89,1301612400
99266,"Chicken, Goat&#039;S Cheese Cherry Tomato Bake ",This is a really easy meal to cook for friends - you can make ahead and keep in the fridge for 24 hours,Good Food,Easy,0,0,4,89,1117580400
5702361,Chipotle Chicken Tacos With Pineapple Salsa ,"A spicy, smoky&nbsp;chicken filling in soft tortillas, this&nbsp;moreish, low-calorie dinner is on the table in just 20 minutes",Jennifer Joyce,Easy,600,600,4,96,1456790400
102870,Gnocchi Bolognese With Spinach ,"A filling, cheesy bake that is great for lunch the next - if there's any left!",Good Food,Easy,1800,300,4,78,1209596400
103131,Sprouts With Chestnuts Crisp Pancetta ,"If you struggle to get the family to eat their sprouts, try adding some chestnuts and pancetta to make an irresistible side dish",Good Food,Easy,1200,600,8,77,1291161600
95209,Poppyseed Honey Cake ,A deliciously moist cake with a tangy strawberry-flavoured icing,Good Food,More effort,2100,1500,0,84,1096585200
95358,Classic Chunky Fish Cakes ,Fish cakes are a great freezer staple as they are ready portioned so you can defrost as many as you need,Good Food,Easy,2400,2400,0,87,1296518400
99487,Chocolate Tea-Pots ,"Not only are these rich desserts served in tea cups, they'realso infused with Earl Grey and English Breakfast tea",Sarah Cook,Easy,300,600,0,67,1335826800
